{"chunk_definitions":[{"row":18,"row_count":1,"visible":true,"expansion_state":0,"options":{"engine":"r","label":"setup","include":false,"dev":"png"},"document_id":"B291FB84","chunk_id":"csetup_chunk","chunk_label":"setup"},{"row":56,"row_count":1,"visible":true,"expansion_state":0,"options":{"engine":"r","label":"Downloading disMAP indicator values","include":false,"echo":false,"dev":"png"},"document_id":"B291FB84","chunk_id":"cvl332soh3i16","chunk_label":"Downloading disMAP indicator values"},{"row":87,"row_count":1,"visible":true,"expansion_state":0,"options":{"engine":"r","label":"Plotting","echo":false,"fig.width":11,"fig.height":4,"include":true,"dev":"png"},"document_id":"B291FB84","chunk_id":"cam7xwh0zl493","chunk_label":"Plotting"},{"row":179,"row_count":1,"visible":true,"expansion_state":0,"options":{"engine":"r","label":"MRIP data","echo":false,"warnings":false,"include":false,"dev":"png"},"document_id":"B291FB84","chunk_id":"c7sacg8c8kkbo","chunk_label":"MRIP data"},{"row":301,"row_count":1,"visible":true,"expansion_state":0,"options":{"engine":"r","label":"MRIP Plot","echo":false,"fig.width":11,"fig.height":4,"include":true,"dev":"png"},"document_id":"B291FB84","chunk_id":"cvkwdxhobklbb","chunk_label":"MRIP Plot"},{"row":328,"row_count":1,"visible":true,"expansion_state":0,"options":{"engine":"r","label":"unnamed-chunk-37","dev":"png"},"document_id":"B291FB84","chunk_id":"chzwobj7d42gz","chunk_label":"unnamed-chunk-1"},{"row":367,"row_count":1,"visible":true,"expansion_state":0,"options":{"engine":"r","label":"unnamed-chunk-38","dev":"png"},"document_id":"B291FB84","chunk_id":"c93uay4um3r2v","chunk_label":"unnamed-chunk-2"}],"doc_write_time":1753736475,"working_dir":null,"default_chunk_options":{}}