"0",""
"0","# Libraries "
"0","library(ggplot2)"
"0","library(dplyr)"
"0","library(tidyverse)"
"0","library(httr)"
"0","library(knitr)"
"0","library(jsonlite)"
"0","library(lubridate)"
"0",""
"0",""
"0","# Authenticate with RStudio Connect"
"0","rsconnect::forgetDeployment()"
"2","No deployments found for the application at C:/Users/rachel.roday/Documents
"
"0","rsconnect::setAccountInfo("
"0","  name = Sys.getenv(""SHINY_ACC_NAME""),"
"0","  token = Sys.getenv(""SHINY_ACC_TOKEN""),"
"0","  secret = Sys.getenv(""SHINY_ACC_SECRET"")"
"0",")"
"0",""
"0","# Load packages"
"0","library(googlesheets4)"
"0","library(dplyr)"
"0","library(purrr)"
"0",""
"0","# Authenticate with Google Sheets using service account"
"0","gs4_auth(path = ""nmfs-stt-api-MSR.json"", scope = ""https://www.googleapis.com/auth/spreadsheets.readonly"")"
"0",""
"0","# Define the Google Sheet"
"0","sheet_id <- ""https://docs.google.com/spreadsheets/d/1e_CyHycGgbt--AjBuLral7fw5Zme9lm1/edit?usp=sharing&ouid=110182135364017979734&rtpof=true&sd=true"""
"0",""
"0","# Get all sheet names"
"0","sheet_names <- sheet_names(sheet_id)"
"1","[1m[33mError[39m in `gs4_get_impl_()`:[22m
[38;5;232m[33m![38;5;232m Client error: (400) FAILED_PRECONDITION
[36m•[38;5;232m Request can not be executed in the current system state, such as deleting a non-empty
  directory.
[36m•[38;5;232m This operation is not supported for this document[39m
[90mRun `]8;;x-r-run:rlang::last_trace()rlang::last_trace()]8;;` to see where the error occurred.[39m
"
