"0","CPUE <- left_join(MRIP, Effort) %>% 
  mutate(CPUE = Total.Catch..A.B1.B2./Angler.Trips, 
        Lat = case_when((State == ""NORTH CAROLINA"") ~ 34.762265,
                                (State == ""VIRGINIA"") ~ 37.36721,
                                (State == ""MARYLAND"") ~ 38.230127,
                                (State == ""DELAWARE"") ~ 38.633806,
                                (State == ""NEW JERSEY"") ~ 39.821385,
                                (State == ""NEW YORK"") ~ 40.704224,
                                (State == ""CONNECTICUT"") ~ 41.259409,
                                (State == ""RHODE ISLAND"") ~ 41.390066,
                                (State == ""MASSACHUSETTS"") ~ 41.971489,
                                (State == ""NEW HAMPSHIRE"") ~ 42.96563,
                                (State == ""MAINE"") ~ 44.013106,
                        TRUE ~ NA_real_)) %>% 
  group_by(WaveNum, Year, Common.Name) %>% 
  mutate(xm = Lat * CPUE,
         xbar = (sum(xm))/sum(CPUE),
         Max = max(Lat),
         Min = min(Lat)) %>% 
  mutate(State = str_to_title(State))
"
"2","Joining with `by = join_by(Estimate.Status, Year, Wave, State)`"
