"0","landings_summary <- landings_df %>%
  filter(!is.na(pounds)) %>%
  group_by(year, region) %>%
  summarise(
    metric_tons_million = sum(pounds, na.rm = TRUE) * 0.000453592 / 1e6,
    .groups = ""drop""
  ) %>%
  arrange(year, region_name) %>% 
  mutate(Landings_and_discard = metric_tons_million * 1.2)
"
"1","[1m[33mError[39m in `group_by()`:[22m
[38;5;232m[33m![38;5;232m Must group by variables found in `.data`.
[31m✖[38;5;232m Column `region` is not found.[39m
[90mRun `]8;;x-r-run:rlang::last_trace()rlang::last_trace()]8;;` to see where the error occurred.[39m
"
