{"chunk_definitions":[{"row":17,"row_count":1,"visible":true,"expansion_state":0,"options":{"engine":"r","label":"setup","include":false,"echo":false,"dev":"png"},"document_id":"44D2D81C","chunk_id":"csetup_chunk","chunk_label":"setup"},{"row":50,"row_count":1,"visible":true,"expansion_state":0,"options":{"engine":"r","label":"Area vectors","include":false,"echo":false,"dev":"png"},"document_id":"44D2D81C","chunk_id":"clflxho2rcvb2","chunk_label":"Area vectors"},{"row":113,"row_count":1,"visible":true,"expansion_state":0,"options":{"engine":"r","label":"Commercial Landing Data from FOSS","include":false,"echo":false,"eval":false,"dev":"png"},"document_id":"44D2D81C","chunk_id":"cbcer4yflt3lf","chunk_label":"Commercial Landing Data from FOSS"},{"row":134,"row_count":1,"visible":true,"expansion_state":0,"options":{"engine":"r","label":"Commercial Landings Summary Figure","dev":"png"},"document_id":"44D2D81C","chunk_id":"cf7tdmi6jhs1f","chunk_label":"Commercial Landings Summary Figure"},{"row":181,"row_count":1,"visible":true,"expansion_state":0,"options":{"engine":"r","label":"Rec Landings ","dev":"png"},"document_id":"44D2D81C","chunk_id":"ccn9ehvm4i89w","chunk_label":"Rec Landings"},{"row":243,"row_count":1,"visible":true,"expansion_state":0,"options":{"engine":"r","label":"Primary Productivity Data","include":false,"echo":false,"dev":"png"},"document_id":"44D2D81C","chunk_id":"crr2lqttga4ga","chunk_label":"Primary Productivity Data"},{"row":301,"row_count":1,"visible":true,"expansion_state":0,"options":{"engine":"r","label":"Chlorophyl a Data","include":false,"echo":false,"dev":"png"},"document_id":"44D2D81C","chunk_id":"cbq1i1ic46jbp","chunk_label":"Chlorophyl a Data"},{"row":315,"row_count":1,"visible":true,"expansion_state":0,"options":{"engine":"r","label":"Join of all datasets","include":false,"echo":false,"dev":"png"},"document_id":"44D2D81C","chunk_id":"coivypobh7o8u","chunk_label":"Join of all datasets"},{"row":335,"row_count":1,"visible":true,"expansion_state":0,"options":{"engine":"r","label":"Index calculation","include":false,"echo":false,"dev":"png"},"document_id":"44D2D81C","chunk_id":"cz4r3c01oecbx","chunk_label":"Index calculation"}],"doc_write_time":1749674415,"working_dir":null,"default_chunk_options":{},"chunk_rendered_width":700}