{"chunk_definitions":[{"row":17,"row_count":1,"visible":true,"expansion_state":0,"options":{"engine":"r","label":"setup","include":false,"echo":false,"dev":"png"},"document_id":"44D2D81C","chunk_id":"csetup_chunk","chunk_label":"setup"},{"row":50,"row_count":1,"visible":true,"expansion_state":0,"options":{"engine":"r","label":"Area vectors","include":false,"echo":false,"dev":"png"},"document_id":"44D2D81C","chunk_id":"clflxho2rcvb2","chunk_label":"Area vectors"},{"row":202,"row_count":1,"visible":true,"expansion_state":0,"options":{"engine":"r","label":"Join of all datasets","include":false,"echo":false,"dev":"png"},"document_id":"44D2D81C","chunk_id":"coivypobh7o8u","chunk_label":"Join of all datasets"}],"doc_write_time":1748534633}