{"chunk_definitions":[{"row":18,"row_count":1,"visible":true,"expansion_state":0,"options":{"engine":"r","label":"setup","include":false,"dev":"png"},"document_id":"B291FB84","chunk_id":"csetup_chunk","chunk_label":"setup"},{"row":78,"row_count":1,"visible":true,"expansion_state":0,"options":{"engine":"r","label":"Plotting","echo":false,"fig.width":11,"fig.height":4,"dev":"png"},"document_id":"B291FB84","chunk_id":"cam7xwh0zl493","chunk_label":"Plotting"},{"row":169,"row_count":1,"visible":true,"expansion_state":0,"options":{"engine":"r","label":"MRIP data","echo":false,"warnings":false,"include":false,"dev":"png"},"document_id":"B291FB84","chunk_id":"c7sacg8c8kkbo","chunk_label":"MRIP data"},{"row":255,"row_count":1,"visible":true,"expansion_state":0,"options":{"engine":"r","label":"MRIP Plot","echo":false,"fig.width":11,"fig.height":4,"include":true,"dev":"png"},"document_id":"B291FB84","chunk_id":"cvkwdxhobklbb","chunk_label":"MRIP Plot"}],"doc_write_time":1750791118,"working_dir":null,"default_chunk_options":{},"chunk_rendered_width":700}