"0",""
"0","BSB_indicators <- dm_get_indicators("
"0","  common_name = ""Black sea bass"","
"0","  region      = ""Northeast US"")"
"2","Loading required package: arcgisutils
"
"2","Warning: package ‘arcgisutils’ was built under R version 4.4.3"
"2","
Attaching package: ‘arcgisutils’

"
"2","The following objects are masked from ‘package:purrr’:

    %||%, compact

"
"2","The following object is masked from ‘package:base’:

    %||%

"
"0","BF_indicators <- dm_get_indicators("
"0","  common_name = ""Bluefish"","
"0","  region      = ""Northeast US"")"
"0",""
"0","AM_indicators <- dm_get_indicators("
"0","  common_name = ""Atlantic mackerel"","
"0","  region      = ""Northeast US"")"
"0",""
"0","SF_indicators <- dm_get_indicators("
"0","  common_name = ""Summer flounder"","
"0","  region      = ""Northeast US"")"
"0",""
"0","WF_indicators <- dm_get_indicators("
"0","  common_name = ""Winter flounder"","
"0","  region      = ""Northeast US"")"
"0",""
"0","Scup_indicators <- dm_get_indicators("
"0","  common_name = ""Scup"","
"0","  region      = ""Northeast US"")"
"0",""
"0","#Data merging"
"0","merge1 <- full_join(AM_indicators, BSB_indicators)"
"2","Joining with `by = join_by(objectid, dataset_code, region, season, date_code, species, common_name, core_species, year, distribution_project_name, distribution_project_code, summary_product, center_of_gravity_latitude, minimum_latitude, maximum_latitude, offset_latitude, center_of_gravity_latitude_se, center_of_gravity_longitude, minimum_longitude, maximum_longitude, offset_longitude, center_of_gravity_longitude_se, center_of_gravity_depth, minimum_depth, maximum_depth, offset_depth, center_of_gravity_depth_se)`"
"0","merge2 <- full_join(merge1, BF_indicators)"
"2","Joining with `by = join_by(objectid, dataset_code, region, season, date_code, species, common_name, core_species, year, distribution_project_name, distribution_project_code, summary_product, center_of_gravity_latitude, minimum_latitude, maximum_latitude, offset_latitude, center_of_gravity_latitude_se, center_of_gravity_longitude, minimum_longitude, maximum_longitude, offset_longitude, center_of_gravity_longitude_se, center_of_gravity_depth, minimum_depth, maximum_depth, offset_depth, center_of_gravity_depth_se)`"
"0","merge3 <- full_join(merge2, SF_indicators)"
"2","Joining with `by = join_by(objectid, dataset_code, region, season, date_code, species, common_name, core_species, year, distribution_project_name, distribution_project_code, summary_product, center_of_gravity_latitude, minimum_latitude, maximum_latitude, offset_latitude, center_of_gravity_latitude_se, center_of_gravity_longitude, minimum_longitude, maximum_longitude, offset_longitude, center_of_gravity_longitude_se, center_of_gravity_depth, minimum_depth, maximum_depth, offset_depth, center_of_gravity_depth_se)`"
"0","merge4 <- full_join(merge3, Scup_indicators)"
"2","Joining with `by = join_by(objectid, dataset_code, region, season, date_code, species, common_name, core_species, year, distribution_project_name, distribution_project_code, summary_product, center_of_gravity_latitude, minimum_latitude, maximum_latitude, offset_latitude, center_of_gravity_latitude_se, center_of_gravity_longitude, minimum_longitude, maximum_longitude, offset_longitude, center_of_gravity_longitude_se, center_of_gravity_depth, minimum_depth, maximum_depth, offset_depth, center_of_gravity_depth_se)`"
"0","DF <- full_join(merge4, WF_indicators)"
"2","Joining with `by = join_by(objectid, dataset_code, region, season, date_code, species, common_name, core_species, year, distribution_project_name, distribution_project_code, summary_product, center_of_gravity_latitude, minimum_latitude, maximum_latitude, offset_latitude, center_of_gravity_latitude_se, center_of_gravity_longitude, minimum_longitude, maximum_longitude, offset_longitude, center_of_gravity_longitude_se, center_of_gravity_depth, minimum_depth, maximum_depth, offset_depth, center_of_gravity_depth_se)`"
