"0",""
"0","region_data <- tibble::tribble("
"0","  ~Region,                              ~Area_km2,     ~Abbreviation,         ~Notes,"
"0","  ""New England/Northeast"",              363044.09,     ""NE"",                  ""Source: NOAA ArcGIS map viewer"","
"0","  ""Mid Atlantic"",                       347739.22,     ""MA"",                  ""Source: NOAA ArcGIS map viewer"","
"0","  ""South Atlantic"",                     716592.37,     ""SA"",                  ""Draft from WK"","
"0","  ""Carribean"",                          233339.21,     ""CAR"",                 ""Source: NOAA ArcGIS map viewer"","
"0","  ""Gulf of Mexico/America"",            879010.54,     ""GOM"",                 ""Source: NOAA ArcGIS map viewer"","
"0","  ""West Coast/California Current"",    1377485.03,     ""WC"",                  ""Source: NOAA ArcGIS map viewer"","
"0","  ""Alaska (all)"",                     15234614.33,     ""AK"",                  ""Source: NOAA ArcGIS map viewer"","
"0","  ""Gulf of Alaska"",                    5210876.53,     ""GOA"",                 ""Source: NOAA ArcGIS map viewer"","
"0","  ""Eastern Bering Sea"",               3933289.48,     ""EBS"",                 ""Bering includes N & S of Aleutians west of 170W; BSAI FMP includes to Bering Strait"","
"0","  ""Chuckchi Sea/Arctic"",              3513305.12,     ""CHUK"",                ""Source: NOAA ArcGIS map viewer"","
"0","  ""Beaufort Sea"",                     2577143.19,     ""BEAU"",                ""Source: NOAA ArcGIS map viewer"","
"0","  ""Eastern Tropical Pacific"",        1524731.80,     ""ETP"",                 ""Western?"","
"0","  ""Western Pacific Islands"",         2020418.52,     ""WPI"",                 ""Central?"","
"0","  ""Insular Hawaiian LME"",            2978264.51,     ""HI"",                  ""Mostly closed to fishing; use representative stock or effort range"""
"0",") %>%"
"0","  mutate(region_name = case_when("
"0","    Region == ""New England/Northeast"" ~ ""New England"","
"0","    Region == ""Mid Atlantic"" ~ ""Middle Atlantic"","
"0","    Region == ""South Atlantic"" ~ ""South Atlantic"","
"0","    Region == ""Carribean"" ~ ""Carribean"", "
"0","    Region == ""Gulf of Mexico/America"" ~ ""Gulf"","
"0","    Region == ""West Coast/California Current"" ~ ""Pacific Coast"","
"0","    Region == ""Alaska (all)"" ~ ""Alaska"","
"0","    Region == ""Insular Hawaiian LME"" ~ ""Hawaii"","
"0","    TRUE ~ NA_character_"
"0","  ))"
"0",""
